{"eval_exact_match": 67.45762711864407, "eval_f1": 75.92607376415143}