{"eval_exact_match": 65.45320560058954, "eval_f1": 73.62301871751787}