{"eval_exact_match": 28.933333333333334, "eval_f1": 39.07017139375724}