{"eval_exact_match": 18.233333333333334, "eval_f1": 28.27065612806051}