{"eval_exact_match": 68.38221381267739, "eval_f1": 77.43547148270054}