{"eval_exact_match": 78.85525070955535, "eval_f1": 86.49502323675908}