{"eval_exact_match": 74.11542100283822, "eval_f1": 82.44893470804384}