{"eval_exact_match": 27.633333333333333, "eval_f1": 38.40322819790744}