{"eval_exact_match": 78.76064333017976, "eval_f1": 86.57588802136398}