{"eval_exact_match": 63.257184966838615, "eval_f1": 72.08342383885672}